paso,tiempo_s,ps7_crudo,ps0_crudo,ps2_lateral,ps5_lateral,frontal_crudo,frontal_metros_crudo,frontal_filtrado,distancia_kalman,avance_robot_m,ganancia_kalman,vel_izq,vel_der,estado_bloqueado
1,0.032,68.3184,63.662,69.729,63.7647,68.3184,3.6593,3.6593,2.2727,26.515162,0.9533,4.0,4.0,0
2,0.064,69.9839,61.334,66.7685,71.4856,69.9839,3.5723,3.6158,3.0189,0.002639,0.5751,4.0,4.0,0
3,0.096,70.2728,67.7921,68.7147,71.7291,70.2728,3.5576,3.5964,3.2835,0.002575,0.4937,4.0,4.0,0
4,0.128,67.0684,65.1232,70.2363,69.9683,67.0684,3.7275,3.6292,3.4917,0.002639,0.4719,4.0,4.0,0
5,0.16,66.8172,69.651,66.5972,62.7215,69.651,3.5893,3.6212,3.5357,0.002639,0.4658,4.0,4.0,0
6,0.192,65.0479,67.9152,69.7463,65.8023,67.9152,3.6811,3.6255,3.6018,0.002575,0.464,4.0,4.0,0
7,0.224,67.429,62.8229,67.0418,64.9716,67.429,3.7076,3.6526,3.6494,0.002639,0.4635,4.0,4.0,0
8,0.256,70.805,64.4786,63.3868,68.0802,70.805,3.5308,3.6473,3.5931,0.002639,0.4634,4.0,4.0,0
9,0.288,66.4806,72.7602,68.8529,63.7312,72.7602,3.4359,3.589,3.5189,0.002575,0.4633,4.0,4.0,0
10,0.32,64.9405,66.5327,64.2065,74.8278,66.5327,3.7576,3.6226,3.628,0.002639,0.4633,4.0,4.0,0
11,0.352,68.6301,66.8377,60.778,57.3991,68.6301,3.6427,3.6149,3.6334,0.002639,0.4633,4.0,4.0,0
12,0.384,59.8868,58.8951,69.27,71.0982,59.8868,4.1745,3.7083,3.8828,0.002575,0.4633,4.0,4.0,0
13,0.416,65.8905,67.0558,72.7584,71.8943,67.0558,3.7282,3.7478,3.8097,0.002639,0.4633,4.0,4.0,0
14,0.448,64.9923,61.5533,67.6414,67.553,64.9923,3.8466,3.8299,3.8254,0.002639,0.4633,4.0,4.0,0
15,0.48,66.326,71.1621,66.8273,67.1267,71.1621,3.5131,3.781,3.6793,0.002639,0.4633,4.0,4.0,0
16,0.512,72.535,65.5737,54.6679,64.8508,72.535,3.4466,3.7418,3.5701,0.002575,0.4633,4.0,4.0,0
17,0.544,69.8331,70.1426,69.0671,61.3535,70.1426,3.5642,3.6197,3.5659,0.002639,0.4633,4.0,4.0,0
18,0.576,68.7882,65.3338,64.6416,71.6015,68.7882,3.6343,3.601,3.5962,0.002639,0.4633,4.0,4.0,0
19,0.608,68.4569,63.2844,63.4227,74.1203,68.4569,3.6519,3.562,3.6206,0.002639,0.4633,4.0,4.0,0
20,0.64,63.7462,66.6146,70.7822,68.1464,66.6146,3.7529,3.61,3.6805,0.002575,0.4633,4.0,4.0,0
21,0.672,65.8763,68.0979,69.4194,69.6796,68.0979,3.6712,3.6549,3.6748,0.002639,0.4633,4.0,4.0,0
22,0.704,66.5642,73.4872,65.6222,66.4517,73.4872,3.402,3.6225,3.547,0.002639,0.4633,4.0,4.0,0
23,0.736,64.8163,68.155,66.6097,60.3388,68.155,3.6681,3.6292,3.6017,0.002575,0.4633,4.0,4.0,0
24,0.768,73.4542,67.7348,66.9959,67.113,73.4542,3.4035,3.5795,3.5084,0.002639,0.4633,4.0,4.0,0
25,0.8,61.4596,66.6188,68.6792,62.1823,66.6188,3.7527,3.5795,3.6202,0.002639,0.4633,4.0,4.0,0
26,0.832,68.4892,67.8789,72.3581,68.1071,68.4892,3.6502,3.5753,3.6327,0.002575,0.4633,4.0,4.0,0
27,0.864,71.2368,69.8089,65.166,73.5726,71.2368,3.5094,3.5968,3.5742,0.002639,0.4633,4.0,4.0,0
28,0.896,69.7633,65.3709,70.9667,85.49,69.7633,3.5835,3.5799,3.5771,0.002639,0.4633,4.0,1.2,0
29,0.928,62.0695,67.5104,67.673,93.1875,67.5104,3.7031,3.6398,3.6346,0.001674,0.4633,4.0,1.2,0
30,0.96,65.3616,66.3071,68.2844,103.1943,66.3071,3.7703,3.6433,3.6966,0.001674,0.4633,4.0,1.2,0
31,0.992,63.0634,72.0557,73.6567,104.8504,72.0557,3.4695,3.6072,3.5905,0.001738,0.4633,4.0,1.2,0
32,1.024,63.5839,63.2348,62.7279,107.9135,63.5839,3.9318,3.6917,3.7477,0.001738,0.4633,4.0,1.2,0
33,1.056,67.3759,61.2097,66.108,111.9822,67.3759,3.7105,3.7171,3.7296,0.001674,0.4633,4.0,1.2,0
34,1.088,67.3472,65.9873,69.8116,115.5571,67.3472,3.7121,3.7189,3.7205,0.001738,0.4633,4.0,1.2,0
35,1.12,62.7771,62.0998,67.029,63.9786,62.7771,3.9823,3.7613,3.8409,0.001674,0.4633,4.0,4.0,0
36,1.152,67.0061,67.2134,69.3081,67.904,67.2134,3.7195,3.8113,3.7833,0.002639,0.4633,4.0,4.0,0
37,1.184,68.9327,67.6856,68.8457,67.9355,68.9327,3.6267,3.7502,3.7093,0.002639,0.4633,4.0,4.0,0
38,1.216,64.6562,60.3042,66.0301,66.1087,64.6562,3.8666,3.7815,3.7808,0.002575,0.4633,4.0,4.0,0
39,1.248,69.2443,63.6753,66.6526,65.7706,69.2443,3.6104,3.7611,3.7004,0.002639,0.4633,4.0,4.0,0
40,1.28,70.4176,65.7563,69.9595,66.8598,70.4176,3.5502,3.6747,3.6294,0.002639,0.4633,4.0,4.0,0
41,1.312,62.2242,67.9864,72.4925,62.8793,67.9864,3.6772,3.6662,3.6502,0.002575,0.4633,4.0,4.0,0
42,1.344,65.1572,69.927,57.9934,64.4034,69.927,3.5752,3.6559,3.614,0.002639,0.4633,4.0,4.0,0
43,1.376,67.1667,67.5217,63.6217,68.0021,67.5217,3.7025,3.6231,3.6536,0.002639,0.4633,4.0,4.0,0
44,1.408,68.8062,66.7193,66.4807,65.8995,68.8062,3.6334,3.6277,3.6429,0.002575,0.4633,4.0,4.0,0
45,1.44,67.7615,63.5949,70.7643,62.4848,67.7615,3.6894,3.6555,3.663,0.002639,0.4633,4.0,4.0,0
46,1.472,71.3717,65.9061,70.073,66.857,71.3717,3.5028,3.6207,3.5874,0.002639,0.4633,4.0,4.0,0
47,1.504,68.8352,70.3029,68.1097,72.2453,70.3029,3.556,3.6168,3.5715,0.002575,0.4633,4.0,4.0,0
48,1.536,59.7799,67.5919,63.7883,63.1896,67.5919,3.6987,3.6161,3.629,0.002704,0.4633,4.0,4.0,0
49,1.568,73.18,61.1399,71.6269,66.4682,73.18,3.4162,3.5726,3.529,0.002575,0.4633,4.0,4.0,0
50,1.6,67.0069,66.3288,64.542,71.6406,67.0069,3.731,3.5809,3.6212,0.002575,0.4633,4.0,4.0,0
51,1.632,64.9306,61.6046,66.8304,70.1154,64.9306,3.8503,3.6504,3.7259,0.002704,0.4633,4.0,4.0,0
52,1.664,71.0005,64.9347,69.8489,67.2798,71.0005,3.5211,3.6434,3.6296,0.002575,0.4633,4.0,4.0,0
53,1.696,66.133,71.0023,66.9753,69.0492,71.0023,3.521,3.6079,3.5779,0.002639,0.4633,4.0,4.0,0
54,1.728,64.1944,65.1815,68.786,64.5181,65.1815,3.8354,3.6918,3.6958,0.002639,0.4633,4.0,4.0,0
55,1.76,67.3794,66.0489,69.52,64.0847,67.3794,3.7103,3.6876,3.7012,0.002575,0.4633,4.0,4.0,0
56,1.792,61.0293,66.5871,64.0017,68.4348,66.5871,3.7545,3.6685,3.7244,0.002639,0.4633,4.0,4.0,0
57,1.824,64.8259,68.1945,62.7385,64.7058,68.1945,3.666,3.6975,3.6959,0.002639,0.4633,4.0,4.0,0
58,1.856,77.6609,66.5963,69.33,72.3652,77.6609,3.2191,3.6371,3.4736,0.002575,0.4633,4.0,4.0,0
59,1.888,73.282,67.39,69.1459,68.0314,73.282,3.4115,3.5523,3.4434,0.002639,0.4633,4.0,4.0,0
60,1.92,71.8295,66.2968,75.0596,72.1423,71.8295,3.4805,3.5063,3.4592,0.002639,0.4633,4.0,4.0,0
61,1.952,69.4744,70.0589,68.4594,68.1062,70.0589,3.5684,3.4691,3.5084,0.002575,0.4633,4.0,4.0,0
62,1.984,67.6869,64.8165,65.8494,67.6339,67.6869,3.6935,3.4746,3.5927,0.002639,0.4633,4.0,4.0,0
63,2.016,69.8036,68.2657,63.9771,64.9799,69.8036,3.5815,3.5471,3.5861,0.002639,0.4633,4.0,4.0,0
64,2.048,71.6198,68.5329,60.4438,65.4096,71.6198,3.4907,3.5629,3.5405,0.002575,0.4633,4.0,4.0,0
65,2.08,67.6714,61.083,64.8157,68.8345,67.6714,3.6943,3.6057,3.6103,0.002704,0.4633,4.0,4.0,0
66,2.112,62.7043,70.514,70.5331,71.2332,70.514,3.5454,3.6011,3.5789,0.002575,0.4633,4.0,4.0,0
67,2.144,65.6343,67.8428,64.9621,66.5352,67.8428,3.685,3.5994,3.6266,0.002639,0.4633,4.0,4.0,0
68,2.176,70.8964,66.2591,65.1466,67.4878,70.8964,3.5263,3.5883,3.5787,0.002639,0.4633,4.0,4.0,0
69,2.208,69.1818,66.7052,69.5786,68.4571,69.1818,3.6137,3.6129,3.5935,0.002575,0.4633,4.0,4.0,0
70,2.24,68.1065,72.0723,63.8865,70.2124,72.0723,3.4687,3.5678,3.5343,0.002639,0.4633,4.0,4.0,0
71,2.272,70.7514,63.9303,67.5461,65.5889,70.7514,3.5335,3.5654,3.5325,0.002639,0.4633,4.0,4.0,0
72,2.304,72.7952,65.1153,57.5568,71.6689,72.7952,3.4343,3.5153,3.4856,0.002575,0.4633,4.0,4.0,0
73,2.336,70.4437,68.8836,67.9682,59.9176,70.4437,3.5489,3.5198,3.5135,0.002639,0.4633,4.0,4.0,0
74,2.368,62.977,67.7425,61.9359,71.8671,67.7425,3.6904,3.5352,3.5941,0.002639,0.4633,4.0,4.0,0
75,2.4,66.5774,64.8649,64.3789,73.3379,66.5774,3.755,3.5924,3.6673,0.002575,0.4633,4.0,4.0,0
76,2.432,68.4177,71.6288,62.8384,69.731,71.6288,3.4902,3.5838,3.5838,0.002639,0.4633,4.0,4.0,0
77,2.464,65.2518,69.4342,64.2199,62.0586,69.4342,3.6005,3.617,3.5901,0.002639,0.4633,4.0,4.0,0
78,2.496,67.714,67.809,75.5888,68.6823,67.809,3.6868,3.6446,3.6336,0.002575,0.4633,4.0,4.0,0
79,2.528,62.6811,67.1314,69.0895,64.6981,67.1314,3.724,3.6513,3.674,0.002704,0.4633,4.0,4.0,0
80,2.56,67.7681,69.4682,62.9948,75.4825,69.4682,3.5988,3.6201,3.6378,0.002575,0.4633,4.0,4.0,0
81,2.592,69.195,60.6216,66.9468,59.5694,69.195,3.613,3.6446,3.6249,0.002575,0.4633,4.0,4.0,0
82,2.624,61.1179,62.0271,76.0394,69.9486,62.0271,4.0305,3.7306,3.8114,0.002704,0.4633,4.0,4.0,0
83,2.656,72.694,64.7721,65.54,69.6606,72.694,3.4391,3.6811,3.6375,0.002575,0.4633,4.0,4.0,0
84,2.688,66.5117,66.1711,64.4829,69.9916,66.5117,3.7587,3.688,3.6923,0.002639,0.4633,4.0,4.0,0
85,2.72,67.3481,70.2912,68.809,69.9332,70.2912,3.5566,3.6796,3.628,0.002639,0.4633,4.0,4.0,0
86,2.752,68.5798,67.2868,69.7358,67.0576,68.5798,3.6454,3.6861,3.6347,0.002575,0.4633,4.0,4.0,0
87,2.784,67.9442,65.1505,66.6532,66.7894,67.9442,3.6795,3.6159,3.654,0.002639,0.4633,4.0,4.0,0
88,2.816,70.8207,62.0919,69.9405,70.2702,70.8207,3.53,3.6341,3.5952,0.002639,0.4633,4.0,4.0,0
89,2.848,63.2629,68.3452,68.6629,58.7539,68.3452,3.6579,3.6139,3.6228,0.002575,0.4633,4.0,4.0,0
90,2.88,67.052,65.3271,56.0895,70.2164,67.052,3.7284,3.6483,3.6704,0.002639,0.4633,4.0,4.0,0
91,2.912,67.2473,68.6335,66.8016,67.7992,68.6335,3.6425,3.6477,3.6561,0.002639,0.4633,4.0,4.0,0
92,2.944,66.7344,67.1756,66.7078,71.6572,67.1756,3.7216,3.6561,3.685,0.002575,0.4633,4.0,4.0,0
93,2.976,62.2333,65.1366,68.0896,67.1892,65.1366,3.8381,3.7177,3.7545,0.002639,0.4633,4.0,4.0,0
94,3.008,64.694,69.1894,66.5906,63.7031,69.1894,3.6133,3.7088,3.6877,0.002639,0.4633,4.0,4.0,0
95,3.04,69.8158,62.4899,67.8204,69.4117,69.8158,3.5808,3.6793,3.6368,0.002575,0.4633,4.0,4.0,0
96,3.072,66.9468,67.1839,63.9,70.8167,67.1839,3.7211,3.695,3.6744,0.002704,0.4633,4.0,4.0,0
97,3.104,70.9599,65.9945,60.0238,64.6891,70.9599,3.5231,3.6553,3.6029,0.002575,0.4633,4.0,4.0,0
98,3.136,70.2235,69.3481,68.8101,72.8475,70.2235,3.5601,3.5997,3.5817,0.002639,0.4633,4.0,4.0,0
99,3.168,65.3431,67.6097,68.886,76.0288,67.6097,3.6977,3.6166,3.634,0.002639,0.4633,4.0,4.0,0
100,3.2,66.0059,64.8347,64.0327,67.938,66.0059,3.7875,3.6579,3.7038,0.002575,0.4633,4.0,4.0,0
101,3.232,68.3102,71.3744,70.4615,64.8422,71.3744,3.5027,3.6142,3.6092,0.002639,0.4633,4.0,4.0,0
102,3.264,65.0786,72.375,69.0404,73.1957,72.375,3.4542,3.6004,3.536,0.002639,0.4633,4.0,4.0,0
103,3.296,70.5709,61.1537,70.0291,67.0784,70.5709,3.5425,3.5969,3.5376,0.002575,0.4633,4.0,4.0,0
104,3.328,63.0818,68.8674,71.641,71.1381,68.8674,3.6302,3.5834,3.5791,0.002639,0.4633,4.0,4.0,0
105,3.36,56.296,70.2063,69.2218,61.7448,70.2063,3.5609,3.5381,3.5693,0.002639,0.4633,4.0,4.0,0
106,3.392,67.1089,67.0222,70.6565,210.6379,67.1089,3.7253,3.5826,3.6402,0.002575,0.4633,4.0,1.2,0
107,3.424,63.5684,69.1366,67.9389,203.5926,69.1366,3.616,3.615,3.6281,0.001738,0.4633,4.0,1.2,0
108,3.456,71.5153,65.9038,68.1183,199.5174,71.5153,3.4958,3.6056,3.5659,0.001674,0.4633,4.0,1.2,0
109,3.488,66.0786,60.9046,62.4248,199.2197,66.0786,3.7834,3.6363,3.6657,0.001674,0.4633,4.0,1.2,0
110,3.52,67.0361,69.5409,63.2238,203.2316,69.5409,3.595,3.6431,3.632,0.001802,0.4633,4.0,1.2,0
111,3.552,70.0819,72.4526,63.6538,202.5684,72.4526,3.4505,3.5881,3.547,0.001674,0.4633,4.0,1.2,0
112,3.584,62.8849,70.5813,67.113,198.838,70.5813,3.542,3.5733,3.5438,0.001674,0.4633,4.0,1.2,0
113,3.616,80.2313,68.7359,70.7593,179.4978,80.2313,3.116,3.4974,3.3447,0.001738,0.4633,4.0,1.2,0
114,3.648,65.5729,66.2639,66.3238,175.0271,66.2639,3.7728,3.4953,3.5421,0.001674,0.4633,4.0,1.2,0
115,3.68,69.602,60.2911,65.2426,162.1077,69.602,3.5919,3.4946,3.5642,0.001738,0.4633,4.0,1.2,0
116,3.712,66.6306,66.7973,66.3178,151.3213,66.7973,3.7427,3.5531,3.646,0.001674,0.4633,4.0,1.2,0
117,3.744,69.0295,75.428,70.948,138.2989,75.428,3.3144,3.5075,3.4915,0.001674,0.4633,4.0,1.2,0
118,3.776,71.9612,71.5929,72.4187,141.5711,71.9612,3.4741,3.5792,3.4825,0.001738,0.4633,4.0,1.2,0
119,3.808,65.5286,60.269,64.9408,127.8896,65.5286,3.8151,3.5876,3.6357,0.001738,0.4633,4.0,1.2,0
120,3.84,71.3369,64.6448,65.9877,116.1706,71.3369,3.5045,3.5702,3.574,0.001674,0.4633,4.0,1.2,0
121,3.872,64.9998,61.8858,66.8301,112.0174,64.9998,3.8462,3.5909,3.6992,0.001738,0.4633,4.0,1.2,0
122,3.904,74.6173,68.3584,67.7732,105.9062,74.6173,3.3504,3.5981,3.5367,0.001674,0.4633,4.0,1.2,0
123,3.936,72.9837,70.766,61.3508,94.6059,72.9837,3.4254,3.5883,3.4842,0.001674,0.4633,4.0,1.2,0
124,3.968,72.2358,70.876,72.2705,84.4258,72.2358,3.4609,3.5175,3.4725,0.001738,0.4633,4.0,1.2,0
125,4.0,64.8672,60.781,61.8337,73.2275,64.8672,3.854,3.5874,3.6484,0.001674,0.4633,4.0,4.0,0
126,4.032,69.71,65.0779,62.3661,65.1177,69.71,3.5863,3.5354,3.6182,0.002639,0.4633,4.0,4.0,0
127,4.064,66.4891,67.3796,65.3961,67.3592,67.3796,3.7103,3.6074,3.6595,0.002639,0.4633,4.0,4.0,0
128,4.096,60.8545,66.9488,65.3934,60.7691,66.9488,3.7342,3.6691,3.6927,0.002575,0.4633,4.0,4.0,0
129,4.128,72.2538,66.7032,69.0279,70.1453,72.2538,3.46,3.669,3.5835,0.002639,0.4633,4.0,4.0,0
130,4.16,69.9642,68.8911,68.2157,69.3673,69.9642,3.5733,3.6128,3.5773,0.002639,0.4633,4.0,4.0,0
131,4.192,61.6745,67.8376,71.7716,66.0795,67.8376,3.6853,3.6326,3.626,0.002575,0.4633,4.0,4.0,0
132,4.224,68.1804,69.8116,69.1976,70.9323,69.8116,3.5811,3.6068,3.6037,0.002704,0.4633,4.0,4.0,0
133,4.256,66.6967,70.5077,68.9706,71.641,70.5077,3.5457,3.5691,3.5755,0.002575,0.4633,4.0,4.0,0
134,4.288,75.6312,68.1806,63.6019,66.528,75.6312,3.3055,3.5382,3.449,0.002575,0.4633,4.0,4.0,0
135,4.32,69.4429,66.086,65.9622,69.9479,69.4429,3.6001,3.5435,3.5175,0.002704,0.4633,4.0,4.0,0
136,4.352,66.7995,64.8291,64.2439,68.0739,66.7995,3.7425,3.555,3.6204,0.002575,0.4633,4.0,4.0,0
137,4.384,68.4968,66.7239,70.4398,71.9586,68.4968,3.6498,3.5687,3.6327,0.002575,0.4633,4.0,4.0,0
138,4.416,70.0269,65.1347,67.9558,70.6314,70.0269,3.5701,3.5736,3.6022,0.002704,0.4633,4.0,4.0,0
139,4.448,69.6011,63.3458,67.9942,62.4239,69.6011,3.5919,3.6309,3.596,0.002575,0.4633,4.0,4.0,0
140,4.48,74.7177,61.2957,65.7888,63.5835,74.7177,3.3459,3.58,3.4787,0.002639,0.4633,4.0,4.0,0
141,4.512,66.0894,60.3629,68.2778,65.434,66.0894,3.7828,3.5881,3.6182,0.002639,0.4633,4.0,4.0,0
142,4.544,69.1041,68.7331,70.6775,66.469,69.1041,3.6177,3.5817,3.6166,0.002575,0.4633,4.0,4.0,0
143,4.576,67.4761,68.3607,66.3077,72.6211,68.3607,3.6571,3.5991,3.6339,0.002639,0.4633,4.0,4.0,0
144,4.608,71.53,65.692,70.656,58.092,71.53,3.495,3.5797,3.5682,0.002639,0.4633,4.0,4.0,0
145,4.64,67.1064,68.7265,73.3469,71.4971,68.7265,3.6376,3.638,3.599,0.002575,0.4633,4.0,4.0,0
146,4.672,62.5812,62.8456,68.4743,61.8366,62.8456,3.978,3.6771,3.7732,0.002639,0.4633,4.0,4.0,0
147,4.704,64.541,68.5613,58.56,65.8595,68.5613,3.6464,3.6828,3.713,0.002639,0.4633,4.0,4.0,0
148,4.736,71.3119,73.1146,67.1553,64.5949,73.1146,3.4193,3.6353,3.5755,0.002575,0.4633,4.0,4.0,0
149,4.768,67.3506,65.2613,65.9103,63.2267,67.3506,3.7119,3.6786,3.6373,0.002704,0.4633,4.0,4.0,0
150,4.8,68.4388,71.2467,68.1383,72.6387,71.2467,3.5089,3.6529,3.5764,0.002575,0.4633,4.0,4.0,0
151,4.832,68.1995,64.8101,70.9779,64.4932,68.1995,3.6657,3.5904,3.6164,0.002575,0.4633,4.0,4.0,0
152,4.864,64.7107,68.0939,69.9057,61.2159,68.0939,3.6714,3.5955,3.6404,0.002704,0.4633,4.0,4.0,0
153,4.896,66.6939,69.0392,64.4381,63.0523,69.0392,3.6211,3.6358,3.6301,0.002575,0.4633,4.0,4.0,0
154,4.928,65.3088,68.3268,67.5155,66.7802,68.3268,3.6589,3.6252,3.642,0.002639,0.4633,4.0,4.0,0
155,4.96,67.1572,67.7717,64.1914,69.209,67.7717,3.6889,3.6612,3.6623,0.002639,0.4633,4.0,4.0,0
156,4.992,66.1632,65.762,64.1285,67.6231,66.1632,3.7785,3.6838,3.7148,0.002575,0.4633,4.0,4.0,0
157,5.024,64.7425,65.4825,67.1289,64.4248,65.4825,3.8178,3.713,3.7611,0.002639,0.4633,4.0,4.0,0
158,5.056,70.7908,66.0865,70.9211,66.4166,70.7908,3.5315,3.6951,3.6533,0.002639,0.4633,4.0,4.0,0
159,5.088,69.1495,70.5987,71.6933,66.8888,70.5987,3.5411,3.6716,3.6,0.002575,0.4633,4.0,4.0,0
160,5.12,65.6014,67.1023,72.1525,62.5309,67.1023,3.7257,3.6789,3.6568,0.002639,0.4633,4.0,4.0,0
161,5.152,64.873,64.2302,60.9448,67.5291,64.873,3.8537,3.694,3.7466,0.002639,0.4633,4.0,4.0,0
162,5.184,71.1184,64.0167,63.3018,68.9515,71.1184,3.5153,3.6335,3.638,0.002575,0.4633,4.0,4.0,0
163,5.216,65.6735,73.4023,65.2156,68.6599,73.4023,3.4059,3.6083,3.529,0.002704,0.4633,4.0,4.0,0
164,5.248,69.1372,96.3498,67.2507,66.0736,96.3498,2.5947,3.419,3.0948,0.002575,0.4633,4.0,4.0,0
165,5.28,66.5031,106.4212,67.6257,71.7445,106.4212,2.3492,3.1437,2.7479,0.002575,0.4633,4.0,-4.0,1
166,5.312,71.9259,141.376,70.0958,68.6825,141.376,1.7683,2.7267,2.2941,0.0,0.4633,4.0,-4.0,1
167,5.344,70.5276,167.7016,67.8264,61.1061,167.7016,1.4907,2.3218,1.9219,0.0,0.4633,4.0,-4.0,1
168,5.376,70.3037,186.6471,74.5253,66.1153,186.6471,1.3394,1.9085,1.652,0.0,0.4633,4.0,-4.0,1
169,5.408,60.2139,239.9002,63.8749,63.8953,239.9002,1.0421,1.598,1.3694,0.0,0.4633,4.0,-4.0,1
170,5.44,69.7483,277.5517,67.2725,66.3763,277.5517,0.9007,1.3083,1.1523,0.0,0.4633,4.0,-4.0,1
171,5.472,83.424,295.0407,63.7624,64.45,295.0407,0.8473,1.1241,1.011,0.0,0.4633,4.0,-4.0,1
172,5.504,120.3485,72.4325,69.209,63.2864,120.3485,2.0773,1.2414,1.505,0.0,0.4633,4.0,-4.0,1
173,5.536,141.1559,63.3104,62.7403,66.3822,141.1559,1.7711,1.3277,1.6283,0.0,0.4633,4.0,-4.0,1
174,5.568,186.7463,66.053,70.18,66.3693,186.7463,1.3387,1.387,1.4941,0.0,0.4633,4.0,-4.0,1
175,5.6,232.7906,70.4922,66.675,68.6727,232.7906,1.0739,1.4217,1.2994,0.0,0.4633,4.0,-4.0,1
176,5.632,231.5539,68.3329,67.2289,70.0976,231.5539,1.0797,1.4681,1.1976,0.0,0.4633,4.0,-4.0,1
177,5.664,226.6257,65.5807,65.8326,67.2293,226.6257,1.1031,1.2733,1.1538,0.0,0.4633,4.0,-4.0,1
178,5.696,230.2843,67.5542,62.4223,69.9599,230.2843,1.0856,1.1362,1.1222,0.0,0.4633,4.0,-4.0,1
179,5.728,228.6832,61.35,72.743,64.6596,228.6832,1.0932,1.0871,1.1088,0.0,0.4633,4.0,-4.0,1
180,5.76,232.6885,66.8885,72.0519,59.6021,232.6885,1.0744,1.0872,1.0929,0.0,0.4633,4.0,-4.0,1
181,5.792,226.3539,68.0065,68.5109,71.4457,226.3539,1.1045,1.0922,1.0982,0.0,0.4633,4.0,-4.0,1
182,5.824,241.8576,61.0545,67.2144,66.1029,241.8576,1.0337,1.0783,1.0683,0.0,0.4633,4.0,-4.0,1
183,5.856,232.3433,69.5958,65.3228,62.039,232.3433,1.076,1.0763,1.0719,0.0,0.4633,4.0,-4.0,1
184,5.888,265.4426,69.9181,64.8697,67.4689,265.4426,0.9418,1.0461,1.0116,0.0,0.4633,4.0,-4.0,1
185,5.92,301.0002,64.7918,74.4126,78.1497,301.0002,0.8306,0.9973,0.9277,0.0,0.4633,4.0,-4.0,1
186,5.952,129.2803,67.9496,70.8374,61.6053,129.2803,1.9338,1.1632,1.3939,0.0,0.4633,4.0,-4.0,1
187,5.984,63.9469,63.6084,65.7801,69.4361,63.9469,3.9095,1.7383,2.5594,0.0,0.4633,4.0,-4.0,1
188,6.016,64.9855,71.8935,68.1183,58.2486,71.8935,3.4774,2.2186,2.9847,0.0,0.4633,4.0,-4.0,1
189,6.048,73.3307,68.3276,62.0023,65.2245,73.3307,3.4092,2.7121,3.1814,0.0,0.4633,4.0,-4.0,1
190,6.08,66.8687,65.6578,60.774,70.2028,66.8687,3.7387,3.2937,0.5,0.0,0.4633,4.0,4.0,0
191,6.112,67.7382,69.0419,66.0022,70.2324,69.0419,3.621,3.6311,1.9447,0.002575,0.4633,4.0,4.0,0
192,6.144,68.1346,63.1111,74.4187,63.1046,68.1346,3.6692,3.5831,2.7423,0.002639,0.4633,4.0,4.0,0
193,6.176,66.8633,67.2459,64.5477,62.5551,67.2459,3.7177,3.6312,3.1928,0.002639,0.4633,4.0,4.0,0
194,6.208,65.3136,70.3029,74.1468,71.5671,70.3029,3.556,3.6605,3.3597,0.002575,0.4633,4.0,4.0,0
195,6.24,63.0679,68.6177,62.2947,68.1357,68.6177,3.6434,3.6415,3.4897,0.002639,0.4633,4.0,4.0,0
196,6.272,65.4354,64.6261,64.5868,64.9797,65.4354,3.8206,3.6814,3.6416,0.002639,0.4633,4.0,4.0,0
197,6.304,67.1471,70.9369,68.4781,67.5234,70.9369,3.5243,3.6524,3.5858,0.002575,0.4633,4.0,4.0,0
198,6.336,69.4594,64.1948,70.5624,69.5481,69.4594,3.5992,3.6287,3.5906,0.002704,0.4633,4.0,4.0,0
199,6.368,67.0228,66.7778,64.4281,71.8959,67.0228,3.7301,3.6635,3.6538,0.002575,0.4633,4.0,4.0,0
200,6.4,67.788,67.9465,69.3708,72.6557,67.9465,3.6794,3.6707,3.6643,0.002575,0.4633,4.0,4.0,0
201,6.432,58.7497,68.2822,63.8232,71.5978,68.2822,3.6613,3.6388,3.6614,0.002704,0.4633,4.0,4.0,0
202,6.464,65.0828,70.3134,63.7805,66.9777,70.3134,3.5555,3.6451,3.611,0.002575,0.4633,4.0,4.0,0
203,6.496,72.0938,73.9423,72.7102,71.5859,73.9423,3.381,3.6014,3.503,0.002639,0.4633,4.0,4.0,0
204,6.528,64.5972,70.4964,63.1538,66.7118,70.4964,3.5463,3.5647,3.5216,0.002639,0.4633,4.0,4.0,0
205,6.56,69.3318,72.1831,65.4276,67.2451,72.1831,3.4634,3.5215,3.4933,0.002575,0.4633,4.0,4.0,0
206,6.592,61.2551,67.6563,74.9093,62.9802,67.6563,3.6951,3.5283,3.5854,0.002639,0.4633,4.0,4.0,0
207,6.624,65.4365,63.4085,66.3486,67.809,65.4365,3.8205,3.5813,3.6929,0.002639,0.4633,4.0,4.0,0
208,6.656,71.7035,72.3769,63.9106,62.5869,72.3769,3.4541,3.5959,3.5809,0.002575,0.4633,4.0,4.0,0
209,6.688,65.4142,66.2769,72.7897,70.0213,66.2769,3.7721,3.6411,3.668,0.002639,0.4633,4.0,4.0,0
210,6.72,61.1895,64.6708,69.6445,59.8135,64.6708,3.8657,3.7215,3.7582,0.002639,0.4633,4.0,4.0,0
211,6.752,69.4533,72.5736,68.397,69.2568,72.5736,3.4448,3.6714,3.6116,0.002575,0.4633,4.0,4.0,0
212,6.784,68.9111,65.4205,66.0952,60.5371,68.9111,3.6279,3.6329,3.6177,0.002704,0.4633,4.0,4.0,0
213,6.816,64.5008,63.6873,67.1434,71.3259,64.5008,3.8759,3.7173,3.736,0.002575,0.4633,4.0,4.0,0
214,6.848,68.4803,64.6886,64.5117,67.4498,68.4803,3.6507,3.693,3.6951,0.002575,0.4633,4.0,4.0,0
215,6.88,65.4745,71.2619,70.8607,67.2234,71.2619,3.5082,3.6215,3.607,0.002704,0.4633,4.0,4.0,0
216,6.912,66.5662,66.7716,65.4211,67.1937,66.7716,3.7441,3.6814,3.6692,0.002575,0.4633,4.0,4.0,0
217,6.944,69.8057,65.7358,63.5657,67.4845,69.8057,3.5814,3.6721,3.6271,0.002575,0.4633,4.0,4.0,0
218,6.976,63.5922,66.3455,67.6537,63.7239,66.3455,3.7682,3.6505,3.691,0.002704,0.4633,4.0,4.0,0
219,7.008,73.7681,59.1247,67.3233,68.7592,73.7681,3.389,3.5982,3.5497,0.002575,0.4633,4.0,4.0,0
220,7.04,68.6021,70.5995,63.276,61.2325,70.5995,3.5411,3.6047,3.5443,0.002639,0.4633,4.0,4.0,0
221,7.072,66.2287,64.1891,70.5918,63.6659,66.2287,3.7748,3.6109,3.6497,0.002639,0.4633,4.0,4.0,0
222,7.104,64.4381,68.6109,63.2525,64.8806,68.6109,3.6437,3.6234,3.6455,0.002575,0.4633,4.0,4.0,0
223,7.136,67.4437,74.035,65.7248,66.5557,74.035,3.3768,3.5451,3.5196,0.002639,0.4633,4.0,4.0,0
224,7.168,63.2363,67.8855,60.8304,134.5256,67.8855,3.6827,3.6038,3.5937,0.002639,0.4633,4.0,1.2,0
225,7.2,69.702,68.0459,70.2798,588.8666,69.702,3.5867,3.6129,3.5896,0.001674,0.4633,4.0,1.2,0
226,7.232,62.1459,64.6247,67.8169,506.8047,64.6247,3.8685,3.6317,3.7179,0.001674,0.4633,4.0,1.2,0
227,7.264,66.7765,67.1921,65.6447,434.1992,67.1921,3.7207,3.6471,3.7183,0.001738,0.4633,4.0,1.2,0
228,7.296,66.5236,73.4611,65.2016,341.5488,73.4611,3.4032,3.6523,3.5714,0.001674,0.4633,4.0,1.2,0
229,7.328,66.9165,68.3042,68.6687,294.9172,68.3042,3.6601,3.6478,3.6115,0.001802,0.4633,4.0,1.2,0
230,7.36,64.7801,69.2015,66.2595,228.4081,69.2015,3.6126,3.653,3.6111,0.001674,0.4633,4.0,1.2,0
231,7.392,67.9004,63.3386,64.7783,205.1801,67.9004,3.6819,3.6157,3.643,0.001674,0.4633,4.0,1.2,0
232,7.424,65.1798,65.9495,70.8544,165.9503,65.9495,3.7908,3.6297,3.7105,0.001738,0.4633,4.0,1.2,0
233,7.456,69.0378,67.0609,66.2562,147.295,69.0378,3.6212,3.6733,3.6683,0.001674,0.4633,4.0,1.2,0
234,7.488,72.9008,60.9695,65.1068,130.7067,72.9008,3.4293,3.6272,3.5566,0.001674,0.4633,4.0,1.2,0
235,7.52,66.8703,66.9566,73.1376,110.6188,66.9566,3.7338,3.6514,3.6378,0.001738,0.4633,4.0,1.2,0
236,7.552,65.8706,69.2709,64.0875,99.4433,69.2709,3.609,3.6368,3.6236,0.001674,0.4633,4.0,1.2,0
237,7.584,65.0481,68.8915,69.0357,78.1169,68.8915,3.6289,3.6044,3.6251,0.001674,0.4633,4.0,4.0,0
238,7.616,70.6158,64.6524,64.8328,73.0696,70.6158,3.5403,3.5883,3.5844,0.002704,0.4633,4.0,4.0,0
239,7.648,67.9437,70.0171,71.706,67.1966,70.0171,3.5706,3.6165,3.5766,0.002575,0.4633,4.0,4.0,0
240,7.68,68.0241,62.4559,69.8321,72.7997,68.0241,3.6752,3.6048,3.6209,0.002575,0.4633,4.0,4.0,0
241,7.712,70.3932,65.1278,68.7351,64.9517,70.3932,3.5515,3.5933,3.5873,0.002704,0.4633,4.0,4.0,0
242,7.744,67.114,72.1313,63.0902,64.2759,72.1313,3.4659,3.5607,3.5297,0.002575,0.4633,4.0,4.0,0
243,7.776,70.0039,62.2212,67.9188,67.191,70.0039,3.5712,3.5669,3.5475,0.002639,0.4633,4.0,4.0,0
244,7.808,67.7937,66.3375,67.4827,70.0433,67.7937,3.6877,3.5903,3.611,0.002639,0.4633,4.0,4.0,0
245,7.84,57.3482,68.572,65.3056,69.7233,68.572,3.6458,3.5844,3.6258,0.002575,0.4633,4.0,4.0,0
246,7.872,66.5183,61.8105,68.7917,67.6665,66.5183,3.7584,3.6258,3.6857,0.002704,0.4633,4.0,4.0,0
247,7.904,64.4233,62.7414,67.9565,66.2938,64.4233,3.8806,3.7087,3.7746,0.002575,0.4633,4.0,4.0,0
248,7.936,62.7888,64.3974,66.8551,69.2369,64.3974,3.8821,3.7709,3.8231,0.002575,0.4633,4.0,4.0,0
249,7.968,63.7837,68.6541,65.6465,69.8128,68.6541,3.6414,3.7617,3.7375,0.002704,0.4633,4.0,4.0,0
250,8.0,70.4016,74.8597,68.1461,72.5212,74.8597,3.3396,3.7004,3.5517,0.002575,0.4633,4.0,4.0,0
251,8.032,66.0063,63.6127,73.8706,61.4395,66.0063,3.7875,3.7063,3.6596,0.002575,0.4633,4.0,4.0,0
252,8.064,60.4163,67.4548,62.0688,58.3788,67.4548,3.7062,3.6714,3.6797,0.002704,0.4633,4.0,4.0,0
253,8.096,62.4295,67.2943,61.8479,66.0806,67.2943,3.715,3.6379,3.6947,0.002575,0.4633,4.0,4.0,0
254,8.128,70.218,69.6133,68.7542,65.1363,70.218,3.5603,3.6217,3.6311,0.002575,0.4633,4.0,4.0,0
255,8.16,66.1053,69.1546,69.4088,72.7647,69.1546,3.6151,3.6768,3.6222,0.002704,0.4633,4.0,4.0,0
256,8.192,63.5067,62.5088,70.1557,67.8315,63.5067,3.9366,3.7066,3.7665,0.002575,0.4633,4.0,4.0,0
257,8.224,67.8131,70.1609,67.7134,67.7913,70.1609,3.5632,3.6781,3.6709,0.002639,0.4633,4.0,4.0,0
258,8.256,63.1429,63.3644,67.7845,63.8578,63.3644,3.9454,3.7241,3.7967,0.002639,0.4633,4.0,4.0,0
259,8.288,68.4552,64.3385,74.6789,69.1857,68.4552,3.652,3.7425,3.7283,0.002575,0.4633,4.0,4.0,0
260,8.32,67.2425,64.2967,64.9324,67.4262,67.2425,3.7179,3.763,3.722,0.002639,0.4633,4.0,4.0,0
261,8.352,65.8631,69.9415,71.0525,64.1464,69.9415,3.5744,3.6906,3.6522,0.002639,0.4633,4.0,4.0,0
262,8.384,64.6455,66.6506,72.7122,66.1617,66.6506,3.7509,3.7281,3.6966,0.002575,0.4633,4.0,4.0,0
263,8.416,68.0472,64.3505,68.8499,66.8161,68.0472,3.6739,3.6738,3.6846,0.002704,0.4633,4.0,4.0,0
264,8.448,67.3837,72.3964,69.0291,71.642,72.3964,3.4532,3.6341,3.576,0.002575,0.4633,4.0,4.0,0
265,8.48,66.5813,68.5577,67.4851,69.7493,68.5577,3.6466,3.6198,3.6073,0.002575,0.4633,4.0,4.0,0
266,8.512,65.2908,69.0739,67.7373,68.8796,69.0739,3.6193,3.6288,3.6114,0.002704,0.4633,4.0,4.0,0
267,8.544,66.5618,60.9845,67.3953,72.8294,66.5618,3.7559,3.6298,3.677,0.002575,0.4633,4.0,4.0,0
268,8.576,63.8271,64.1657,56.2381,70.7224,64.1657,3.8962,3.6742,3.7772,0.002575,0.4633,4.0,4.0,0
269,8.608,61.33,67.2385,68.1382,63.7627,67.2385,3.7181,3.7272,3.7483,0.002704,0.4633,4.0,4.0,0
270,8.64,69.6572,65.263,62.3415,60.385,69.6572,3.589,3.7157,3.6731,0.002575,0.4633,4.0,4.0,0
271,8.672,71.1094,71.4871,71.2036,66.1162,71.4871,3.4971,3.6913,3.5902,0.002575,0.4633,4.0,4.0,0
272,8.704,65.5119,64.0697,62.1789,63.7572,65.5119,3.8161,3.7033,3.6934,0.002704,0.4633,4.0,4.0,0
273,8.736,64.0328,66.8451,67.2456,69.0734,66.8451,3.74,3.6721,3.7136,0.002575,0.4633,4.0,4.0,0
274,8.768,64.3867,70.2589,70.9061,67.1816,70.2589,3.5583,3.6401,3.6402,0.002639,0.4633,4.0,4.0,0
275,8.8,63.29,67.8566,66.3233,63.2846,67.8566,3.6842,3.6591,3.6592,0.002639,0.4633,4.0,4.0,0
276,8.832,59.2459,63.7198,61.9067,66.3299,63.7198,3.9234,3.7444,3.7802,0.002575,0.4633,4.0,4.0,0
277,8.864,66.058,65.2534,64.6927,64.7728,66.058,3.7846,3.7381,3.7808,0.002704,0.4633,4.0,4.0,0
278,8.896,74.6473,65.3823,71.9864,65.8275,74.6473,3.3491,3.6599,3.5794,0.002575,0.4633,4.0,4.0,0
279,8.928,68.7612,68.5889,63.191,69.1456,68.7612,3.6358,3.6754,3.6041,0.002575,0.4633,4.0,4.0,0
280,8.96,68.6264,69.6434,66.2487,62.654,69.6434,3.5897,3.6565,3.596,0.002704,0.4633,4.0,4.0,0
281,8.992,68.3639,69.4582,72.3504,65.3851,69.4582,3.5993,3.5917,3.5961,0.002575,0.4633,4.0,4.0,0
282,9.024,69.0633,69.3817,68.1702,68.342,69.3817,3.6033,3.5554,3.5981,0.002575,0.4633,4.0,4.0,0
283,9.056,65.9904,72.872,67.5826,60.9866,72.872,3.4307,3.5717,3.5191,0.002704,0.4633,4.0,4.0,0
284,9.088,67.7329,66.8206,65.4662,69.9643,67.7329,3.691,3.5828,3.5973,0.002575,0.4633,4.0,4.0,0
285,9.12,66.9131,74.4843,64.105,69.4813,74.4843,3.3564,3.5361,3.4843,0.002575,0.4633,4.0,4.0,0
286,9.152,65.4073,67.4046,61.3291,67.7884,67.4046,3.7089,3.5581,3.5869,0.002704,0.4633,4.0,4.0,0
287,9.184,72.7473,61.9986,66.0441,65.6012,72.7473,3.4366,3.5247,3.5159,0.002575,0.4633,4.0,4.0,0
288,9.216,64.1417,69.5109,65.948,69.9369,69.5109,3.5966,3.5579,3.5519,0.002575,0.4633,4.0,4.0,0
289,9.248,64.8941,66.5248,67.3428,66.7991,66.5248,3.758,3.5713,3.6459,0.002704,0.4633,4.0,4.0,0
290,9.28,69.6561,64.0754,70.9871,68.1019,69.6561,3.5891,3.6178,3.6182,0.002575,0.4633,4.0,4.0,0
291,9.312,66.3543,65.9081,67.3397,68.8699,66.3543,3.7677,3.6296,3.686,0.002639,0.4633,4.0,4.0,0
292,9.344,65.7035,68.4808,79.1508,65.0693,68.4808,3.6507,3.6724,3.6682,0.002639,0.4633,4.0,4.0,0
293,9.376,68.8866,70.6483,92.0744,68.8625,70.6483,3.5387,3.6608,3.6068,0.002575,0.4633,1.2,4.0,0
294,9.408,64.4764,72.0072,115.0769,76.3469,72.0072,3.4719,3.6036,3.5434,0.001738,0.4633,1.2,4.0,0
295,9.44,62.1626,72.8242,133.9048,70.6509,72.8242,3.4329,3.5724,3.4913,0.001674,0.4633,1.2,4.0,0
296,9.472,64.7948,73.2272,144.5006,73.5866,73.2272,3.414,3.5016,3.4546,0.001738,0.4633,1.2,4.0,0
297,9.504,68.3711,63.2496,164.9112,73.8165,68.3711,3.6565,3.5028,3.5472,0.001738,0.4633,1.2,4.0,0
298,9.536,70.3441,67.1386,207.3811,66.9048,70.3441,3.554,3.5059,3.5494,0.001674,0.4633,1.2,4.0,0
299,9.568,67.0855,65.861,161.2182,71.0685,67.0855,3.7266,3.5568,3.6306,0.001674,0.4633,1.2,4.0,0
300,9.6,66.8948,63.7399,112.6503,60.5991,66.8948,3.7372,3.6177,3.6791,0.001738,0.4633,1.2,4.0,0
301,9.632,64.6921,65.9957,65.7547,70.6812,65.9957,3.7881,3.6925,3.7287,0.001674,0.4633,4.0,4.0,0
302,9.664,67.3814,60.4995,67.4717,66.0804,67.3814,3.7102,3.7032,3.7188,0.002575,0.4633,4.0,4.0,0
303,9.696,62.2142,73.9035,69.8946,63.7413,73.9035,3.3828,3.669,3.5616,0.002704,0.4633,4.0,4.0,0
304,9.728,63.9747,65.6565,65.5882,65.4449,65.6565,3.8077,3.6852,3.6743,0.002575,0.4633,4.0,4.0,0
305,9.76,64.813,68.9946,73.1952,67.0896,68.9946,3.6235,3.6625,3.6494,0.002575,0.4633,4.0,4.0,0
306,9.792,61.8201,71.1737,66.1108,69.9816,71.1737,3.5125,3.6073,3.5845,0.002704,0.4633,4.0,4.0,0
307,9.824,68.9899,70.0003,62.0596,60.9875,70.0003,3.5714,3.5796,3.5771,0.002575,0.4633,4.0,4.0,0
308,9.856,63.8857,69.576,66.4227,63.1205,69.576,3.5932,3.6217,3.5831,0.002704,0.4633,4.0,4.0,0
309,9.888,60.2356,60.6773,68.0997,68.4555,60.6773,4.1202,3.6842,3.8305,0.002575,0.4633,4.0,4.0,0
310,9.92,72.5847,69.6971,67.189,68.8469,72.5847,3.4443,3.6483,3.6502,0.002575,0.4633,4.0,4.0,0
311,9.952,64.5443,66.8042,68.8082,64.8276,66.8042,3.7423,3.6943,3.6914,0.002704,0.4633,4.0,4.0,0
312,9.984,61.4247,65.6959,61.162,68.1013,65.6959,3.8054,3.7411,3.7428,0.002575,0.4633,4.0,4.0,0
313,10.016,67.5195,66.276,69.7333,62.2716,67.5195,3.7026,3.7629,3.7228,0.002575,0.4633,4.0,4.0,0
314,10.048,66.0691,67.5272,66.7821,70.1451,67.5272,3.7022,3.6794,3.7118,0.002704,0.4633,4.0,4.0,0
315,10.08,72.5205,74.2909,71.7664,67.5037,74.2909,3.3652,3.6635,3.5498,0.002575,0.4633,4.0,4.0,0
316,10.112,64.139,69.3796,68.2646,66.2843,69.3796,3.6034,3.6358,3.5732,0.002575,0.4633,4.0,4.0,0
317,10.144,59.749,66.0602,65.6884,67.1922,66.0602,3.7844,3.6316,3.6696,0.002704,0.4633,4.0,4.0,0
318,10.176,61.9559,66.5183,68.7804,64.122,66.5183,3.7584,3.6427,3.7094,0.002575,0.4633,4.0,4.0,0
319,10.208,64.8359,67.1476,66.9413,66.3257,67.1476,3.7231,3.6469,3.7144,0.002575,0.4633,4.0,4.0,0
320,10.24,68.4172,74.9096,58.6607,63.4602,74.9096,3.3374,3.6413,3.5382,0.002704,0.4633,4.0,4.0,0
321,10.272,71.494,65.0289,71.9695,69.2935,71.494,3.4968,3.62,3.5177,0.002575,0.4633,4.0,4.0,0
322,10.304,63.4795,64.9832,61.727,74.2941,64.9832,3.8471,3.6326,3.6689,0.002704,0.4633,4.0,4.0,0
323,10.336,60.0463,72.9508,71.2618,65.8499,72.9508,3.427,3.5663,3.5554,0.002575,0.4633,4.0,4.0,0
324,10.368,71.2302,67.5155,69.8055,66.8331,71.2302,3.5097,3.5236,3.5329,0.002575,0.4633,4.0,4.0,0
325,10.4,72.0815,59.6068,67.8251,73.1117,72.0815,3.4683,3.5498,3.5015,0.002704,0.4633,4.0,4.0,0
326,10.432,76.4802,69.5108,67.9034,68.0088,76.4802,3.2688,3.5042,3.3923,0.002575,0.4633,4.0,4.0,0
327,10.464,67.2949,61.2676,63.5449,66.3025,67.2949,3.715,3.4778,3.5404,0.002575,0.4633,4.0,4.0,0
328,10.496,68.6516,69.6834,67.8776,70.7999,69.6834,3.5877,3.5099,3.5609,0.002704,0.4633,4.0,4.0,0
329,10.528,66.2153,66.6218,68.0001,74.4998,66.6218,3.7525,3.5585,3.6483,0.002575,0.4633,4.0,4.0,0
330,10.56,69.0081,66.8452,73.1436,62.137,69.0081,3.6228,3.5894,3.6351,0.002575,0.4633,4.0,4.0,0
331,10.592,70.0941,67.3432,62.6353,71.3878,70.0941,3.5666,3.6489,3.6019,0.002704,0.4633,4.0,4.0,0
332,10.624,68.225,67.0605,71.6225,64.1774,68.225,3.6643,3.6388,3.6295,0.002575,0.4633,4.0,4.0,0
333,10.656,74.9096,66.7894,64.2841,66.2097,74.9096,3.3374,3.5887,3.4927,0.002575,0.4633,4.0,4.0,0
334,10.688,75.0863,78.5703,64.7889,63.9516,78.5703,3.1819,3.4746,3.3473,0.002704,0.4633,4.0,4.0,0
335,10.72,67.7154,65.1061,67.3027,60.4674,67.7154,3.6919,3.4884,3.5056,0.002575,0.4633,4.0,4.0,0
336,10.752,69.3044,69.3546,64.417,67.8331,69.3546,3.6047,3.496,3.5501,0.002575,0.4633,4.0,4.0,0
337,10.784,72.6028,65.2492,69.5357,68.2017,72.6028,3.4434,3.4518,3.4992,0.002704,0.4633,4.0,4.0,0
338,10.816,66.3726,64.3855,65.3462,68.6959,66.3726,3.7666,3.5377,3.6217,0.002575,0.4633,4.0,4.0,0
339,10.848,65.6689,67.1152,73.6622,66.4477,67.1152,3.7249,3.6463,3.6681,0.002704,0.4633,4.0,4.0,0
340,10.88,67.2802,63.9165,71.2306,69.5988,67.2802,3.7158,3.6511,3.6888,0.002575,0.4633,4.0,4.0,0
341,10.912,64.4769,70.6199,62.2106,60.9423,70.6199,3.5401,3.6382,3.6185,0.002575,0.4633,4.0,4.0,0
342,10.944,65.7959,67.5937,72.0038,66.3078,67.5937,3.6986,3.6892,3.6542,0.002704,0.4633,4.0,4.0,0
343,10.976,63.1889,67.8857,62.0617,64.0345,67.8857,3.6827,3.6724,3.666,0.002575,0.4633,4.0,4.0,0
344,11.008,61.6231,61.5006,72.0607,65.4401,61.6231,4.0569,3.7388,3.8457,0.002575,0.4633,4.0,4.0,0
345,11.04,64.4542,63.5651,71.7608,69.9484,64.4542,3.8787,3.7714,3.8596,0.002704,0.4633,4.0,4.0,0
346,11.072,72.2843,66.6285,61.6872,62.3075,72.2843,3.4586,3.7551,3.6724,0.002575,0.4633,4.0,4.0,0
347,11.104,62.9845,66.6963,66.0294,69.4021,66.6963,3.7483,3.765,3.7062,0.002575,0.4633,4.0,4.0,0
348,11.136,69.0964,61.3961,67.1076,74.2195,69.0964,3.6181,3.7521,3.6639,0.002704,0.4633,4.0,4.0,0
349,11.168,66.7839,65.4114,63.7762,69.2829,66.7839,3.7434,3.6894,3.6994,0.002575,0.4633,4.0,4.0,0
350,11.2,70.1004,68.1532,64.9716,64.8737,70.1004,3.5663,3.627,3.6363,0.002575,0.4633,4.0,4.0,0
351,11.232,69.1367,66.5298,63.9315,66.9517,69.1367,3.616,3.6584,3.6255,0.002704,0.4633,4.0,4.0,0
352,11.264,67.1458,67.5841,62.9807,73.3366,67.5841,3.6991,3.6486,3.6582,0.002575,0.4633,4.0,4.0,0
353,11.296,69.1196,70.4128,62.8917,69.7281,70.4128,3.5505,3.6351,3.6068,0.002704,0.4633,4.0,4.0,0
354,11.328,63.6718,67.1517,68.8239,70.9286,67.1517,3.7229,3.631,3.6592,0.002575,0.4633,4.0,4.0,0
355,11.36,66.4896,72.7104,64.7009,74.3475,72.7104,3.4383,3.6054,3.5555,0.002575,0.4633,4.0,4.0,0
356,11.392,67.6265,67.5113,68.9309,61.3163,67.6265,3.6968,3.6215,3.6195,0.002704,0.4633,4.0,4.0,0
357,11.424,66.218,66.8427,67.5515,70.1045,66.8427,3.7401,3.6297,3.674,0.002575,0.4633,4.0,4.0,0
358,11.456,71.1157,63.9875,71.6445,65.3728,71.1157,3.5154,3.6227,3.5991,0.002575,0.4633,4.0,4.0,0
359,11.488,61.0286,69.8861,63.6426,66.7886,69.8861,3.5772,3.5936,3.5875,0.002704,0.4633,4.0,4.0,0
360,11.52,66.8613,69.8126,70.418,60.5753,69.8126,3.581,3.6221,3.5831,0.002575,0.4633,4.0,4.0,0
361,11.552,70.2567,64.7099,68.4251,66.8983,70.2567,3.5584,3.5944,3.5703,0.002575,0.4633,4.0,4.0,0
362,11.584,60.7455,66.5704,65.2806,63.4468,66.5704,3.7554,3.5975,3.6546,0.002704,0.4633,4.0,4.0,0
363,11.616,67.0874,73.2702,62.1679,64.2532,73.2702,3.412,3.5768,3.5408,0.002575,0.4633,4.0,4.0,0
364,11.648,70.7839,65.5176,72.5784,61.4621,70.7839,3.5319,3.5677,3.5353,0.002575,0.4633,4.0,4.0,0
365,11.68,63.2261,66.9358,65.0069,70.4696,66.9358,3.7349,3.5985,3.6263,0.002704,0.4633,4.0,4.0,0
366,11.712,70.4597,66.4107,65.7516,63.9926,70.4597,3.5481,3.5965,3.5887,0.002575,0.4633,4.0,4.0,0
367,11.744,63.1016,64.5947,65.6027,69.181,64.5947,3.8703,3.6194,3.7178,0.002575,0.4633,4.0,4.0,0
368,11.776,64.2972,64.8886,67.3587,74.191,64.8886,3.8528,3.7076,3.7789,0.002704,0.4633,4.0,4.0,0
369,11.808,65.6849,63.9385,66.6109,67.2444,65.6849,3.8061,3.7624,3.7901,0.002575,0.4633,4.0,4.0,0
370,11.84,66.7322,67.0519,66.2416,71.8018,67.0519,3.7285,3.7611,3.7601,0.002704,0.4633,4.0,4.0,0
371,11.872,71.3854,70.1744,68.9308,70.5929,71.3854,3.5021,3.7519,3.6392,0.002575,0.4633,4.0,4.0,0
372,11.904,70.4849,65.6568,70.8342,74.2124,70.4849,3.5469,3.6872,3.595,0.002575,0.4633,4.0,4.0,0
373,11.936,63.1274,67.3515,69.5088,66.2896,67.3515,3.7119,3.6591,3.6477,0.002704,0.4633,4.0,4.0,0
374,11.968,62.61,68.1433,69.9823,65.8097,68.1433,3.6687,3.6316,3.6561,0.002575,0.4633,4.0,4.0,0
375,12.0,71.7645,68.7156,75.5315,62.8111,71.7645,3.4836,3.5826,3.5748,0.002575,0.4633,4.0,4.0,0
376,12.032,69.138,64.7796,77.0021,73.2846,69.138,3.616,3.6054,3.5924,0.002704,0.4633,4.0,4.0,0
377,12.064,65.462,63.4994,82.1693,71.4305,65.462,3.819,3.6598,3.696,0.002575,0.4633,1.2,4.0,0
378,12.096,63.2746,67.418,111.8544,68.2423,67.418,3.7082,3.6591,3.7008,0.001674,0.4633,1.2,4.0,0
379,12.128,64.3841,69.3868,109.2335,72.805,69.3868,3.603,3.646,3.6545,0.001738,0.4633,1.2,4.0,0
380,12.16,66.2732,66.213,115.3186,68.4656,66.2732,3.7723,3.7037,3.7082,0.001674,0.4633,1.2,4.0,0
381,12.192,67.2505,61.5196,118.1406,70.1526,67.2505,3.7174,3.724,3.7116,0.001674,0.4633,1.2,4.0,0
382,12.224,64.7578,66.4042,126.1324,61.0556,66.4042,3.7648,3.7131,3.7353,0.001802,0.4633,1.2,4.0,0
383,12.256,66.4246,65.9225,138.994,65.2757,66.4246,3.7637,3.7242,3.7475,0.001674,0.4633,1.2,4.0,0
384,12.288,66.9254,62.7001,142.8967,64.7122,66.9254,3.7355,3.7507,3.7411,0.001674,0.4633,1.2,4.0,0
385,12.32,70.061,66.1782,149.318,67.7203,70.061,3.5683,3.71,3.6601,0.001738,0.4633,1.2,4.0,0
386,12.352,68.0656,66.8266,150.052,67.1756,68.0656,3.6729,3.701,3.6651,0.001674,0.4633,1.2,4.0,0
387,12.384,66.0416,62.2649,171.5586,67.1988,66.0416,3.7855,3.7052,3.72,0.001738,0.4633,1.2,4.0,0
388,12.416,67.2229,67.1407,179.9596,65.5838,67.2229,3.719,3.6962,3.7186,0.001674,0.4633,1.2,4.0,0
389,12.448,65.9458,63.7735,181.3916,64.7995,65.9458,3.791,3.7073,3.7512,0.001674,0.4633,1.2,4.0,0
390,12.48,64.1314,65.6136,182.4166,66.3588,65.6136,3.8102,3.7557,3.7776,0.001738,0.4633,1.2,4.0,0
391,12.512,63.7633,65.1971,187.1416,69.3951,65.1971,3.8345,3.788,3.8031,0.001738,0.4633,1.2,4.0,0
392,12.544,64.4182,68.3359,186.1598,64.1698,68.3359,3.6584,3.7626,3.7351,0.001674,0.4633,1.2,4.0,0
393,12.576,71.98,70.1958,183.0809,69.9755,71.98,3.4732,3.7135,3.6128,0.001738,0.4633,1.2,4.0,0
394,12.608,69.9528,66.6627,183.3744,71.7581,69.9528,3.5738,3.67,3.5939,0.001674,0.4633,1.2,4.0,0
395,12.64,69.2197,67.6577,174.1598,67.7189,69.2197,3.6117,3.6303,3.6012,0.001674,0.4633,1.2,4.0,0
396,12.672,63.4683,65.0958,162.8835,63.8384,65.0958,3.8405,3.6315,3.7112,0.001738,0.4633,1.2,4.0,0
397,12.704,67.5546,65.3,158.4126,70.2361,67.5546,3.7007,3.64,3.7054,0.001674,0.4633,1.2,4.0,0
398,12.736,60.9975,63.8377,162.5623,65.1584,63.8377,3.9162,3.7286,3.8022,0.001674,0.4633,1.2,4.0,0
399,12.768,63.1128,64.8673,146.0178,66.1934,64.8673,3.854,3.7846,3.8252,0.001802,0.4633,1.2,4.0,0
400,12.8,66.4023,66.378,126.9576,66.0728,66.4023,3.7649,3.8153,3.7964,0.001674,0.4633,1.2,4.0,0
401,12.832,65.7586,69.3567,133.8796,67.8742,69.3567,3.6046,3.7681,3.7066,0.001674,0.4633,1.2,4.0,0
402,12.864,68.4099,64.538,115.0087,66.4007,68.4099,3.6544,3.7588,3.6815,0.001738,0.4633,1.2,4.0,0
403,12.896,67.1506,65.7361,111.104,70.1277,67.1506,3.723,3.7202,3.6998,0.001674,0.4633,1.2,4.0,0
404,12.928,65.2468,64.0266,111.9872,66.466,65.2468,3.8316,3.7157,3.7599,0.001738,0.4633,1.2,4.0,0
405,12.96,64.4814,71.1012,98.6648,66.8872,71.1012,3.5161,3.6659,3.6461,0.001674,0.4633,1.2,4.0,0
406,12.992,68.5886,69.9002,85.9725,64.0079,69.9002,3.5765,3.6603,3.613,0.001674,0.4633,1.2,4.0,0
407,13.024,66.2291,63.3523,68.2965,65.3004,66.2291,3.7748,3.6844,3.687,0.001738,0.4633,4.0,4.0,0
408,13.056,68.7851,65.0978,74.8259,66.1119,68.7851,3.6345,3.6667,3.6613,0.002639,0.4633,4.0,4.0,0
409,13.088,64.6658,69.6003,65.4965,65.8711,69.6003,3.5919,3.6188,3.6278,0.002575,0.4633,4.0,4.0,0
410,13.12,70.4482,63.3756,66.3511,61.9711,70.4482,3.5487,3.6253,3.5897,0.002639,0.4633,4.0,4.0,0
411,13.152,69.358,70.0721,65.6572,71.9229,70.0721,3.5678,3.6235,3.5781,0.002639,0.4633,4.0,4.0,0
412,13.184,65.5881,66.7779,67.6682,68.8666,66.7779,3.7438,3.6173,3.6535,0.002575,0.4633,4.0,4.0,0
413,13.216,60.068,68.1672,61.7466,64.8419,68.1672,3.6675,3.6239,3.6585,0.002704,0.4633,4.0,4.0,0
414,13.248,72.7069,68.2132,68.0534,64.4714,72.7069,3.4385,3.5932,3.5552,0.002575,0.4633,4.0,4.0,0
415,13.28,61.8988,68.3004,69.7571,70.4487,68.3004,3.6603,3.6155,3.6025,0.002575,0.4633,4.0,4.0,0
416,13.312,73.639,68.5311,64.113,64.6326,73.639,3.3949,3.581,3.5049,0.002704,0.4633,4.0,4.0,0
417,13.344,65.8599,71.2277,65.3466,68.7592,71.2277,3.5099,3.5342,3.5058,0.002575,0.4633,4.0,4.0,0
418,13.376,70.1289,59.9775,69.0747,65.4058,70.1289,3.5649,3.5137,3.5318,0.002639,0.4633,4.0,4.0,0
419,13.408,69.0261,69.4188,65.4802,66.4769,69.4188,3.6013,3.5463,3.5626,0.002639,0.4633,4.0,4.0,0
420,13.44,64.3469,64.2138,73.2761,67.0,64.3469,3.8852,3.5912,3.7107,0.002575,0.4633,4.0,4.0,0
421,13.472,65.9387,72.6903,70.7698,68.9975,72.6903,3.4393,3.6001,3.5835,0.002639,0.4633,4.0,4.0,0
422,13.504,62.5494,71.0915,64.2068,67.8509,71.0915,3.5166,3.6014,3.5511,0.002639,0.4633,4.0,4.0,0
423,13.536,67.7405,68.0464,68.359,67.049,68.0464,3.674,3.6233,3.6066,0.002575,0.4633,4.0,4.0,0
424,13.568,65.955,66.3958,71.7063,67.9227,66.3958,3.7653,3.6561,3.6787,0.002639,0.4633,4.0,4.0,0
425,13.6,66.6595,66.6391,67.7498,66.7213,66.6595,3.7504,3.6291,3.7105,0.002639,0.4633,4.0,4.0,0
426,13.632,68.6109,73.7151,71.8309,65.4522,73.7151,3.3914,3.6195,3.5613,0.002575,0.4633,4.0,4.0,0
427,13.664,69.7947,71.4831,61.2738,72.2509,71.4831,3.4973,3.6157,3.5302,0.002704,0.4633,4.0,4.0,0
428,13.696,69.2666,69.4857,67.3989,68.9274,69.4857,3.5979,3.6005,3.5602,0.002575,0.4633,4.0,4.0,0
429,13.728,68.3774,66.7919,71.7268,71.4961,68.3774,3.6562,3.5786,3.6033,0.002575,0.4633,4.0,4.0,0
430,13.76,68.2768,65.9749,70.8576,65.3599,68.2768,3.6616,3.5609,3.6288,0.002704,0.4633,4.0,4.0,0
431,13.792,58.3717,63.4891,62.9447,59.9178,63.4891,3.9377,3.6701,3.7705,0.002575,0.4633,4.0,4.0,0
432,13.824,73.7917,63.2607,69.015,71.3955,73.7917,3.3879,3.6482,3.5919,0.002575,0.4633,4.0,4.0,0
433,13.856,72.7566,64.5549,68.8668,67.2001,72.7566,3.4361,3.6159,3.5183,0.002704,0.4633,4.0,4.0,0
434,13.888,64.5028,64.3185,59.213,69.532,64.5028,3.8758,3.6598,3.6825,0.002575,0.4633,4.0,4.0,0
435,13.92,69.7008,68.3075,64.1629,67.5774,69.7008,3.5868,3.6449,3.6367,0.002639,0.4633,4.0,4.0,0
436,13.952,69.6365,64.9496,66.8946,67.3443,69.6365,3.5901,3.5753,3.6137,0.002639,0.4633,4.0,4.0,0
437,13.984,73.9884,71.9147,66.7861,66.8856,73.9884,3.3789,3.5735,3.5035,0.002575,0.4633,4.0,4.0,0
438,14.016,72.4802,64.2865,66.6804,74.4846,72.4802,3.4492,3.5762,3.477,0.002639,0.4633,4.0,4.0,0
439,14.048,67.688,77.7114,63.6159,65.4269,77.7114,3.217,3.4444,3.3551,0.002639,0.4633,4.0,4.0,0
440,14.08,70.7555,86.4552,63.7434,64.2652,86.4552,2.8917,3.3054,3.139,0.002575,0.4633,4.0,4.0,0
441,14.112,67.2364,105.0621,64.4493,62.5382,105.0621,2.3795,3.0633,2.7857,0.002639,0.4633,-4.0,4.0,1
442,14.144,69.5905,107.61,67.5888,69.4962,107.61,2.3232,2.8521,2.5714,0.0,0.4633,-4.0,4.0,1
443,14.176,68.7351,82.847,68.6006,59.8902,82.847,3.0176,2.7658,2.7782,0.0,0.4633,-4.0,4.0,1
444,14.208,64.1333,64.5949,64.0707,73.7035,64.5949,3.8703,2.8965,3.2842,0.0,0.4633,-4.0,4.0,1
445,14.24,62.5608,72.1097,74.529,68.6138,72.1097,3.4669,3.0115,3.3688,0.0,0.4633,-4.0,4.0,1
446,14.272,67.5469,70.4995,68.1129,69.8672,70.4995,3.5461,3.2448,3.451,0.0,0.4633,-4.0,4.0,1
447,14.304,66.2446,58.6663,69.7319,64.6522,66.2446,3.7739,3.535,3.6006,0.0,0.4633,-4.0,4.0,1
448,14.336,67.8658,69.4761,76.2385,69.1275,69.4761,3.5984,3.6511,3.5996,0.0,0.4633,-4.0,4.0,1
449,14.368,66.8516,69.1247,91.3927,74.0781,69.1247,3.6167,3.6004,3.6075,0.0,0.4633,-4.0,4.0,1
450,14.4,69.9585,65.215,100.574,68.8409,69.9585,3.5735,3.6217,3.5918,0.0,0.4633,-4.0,4.0,1
451,14.432,64.2772,68.1043,107.4747,62.5741,68.1043,3.6708,3.6467,3.6284,0.0,0.4633,-4.0,4.0,1
452,14.464,63.4421,67.2151,106.5264,72.4942,67.2151,3.7194,3.6358,3.6706,0.0,0.4633,-4.0,4.0,1
453,14.496,62.9525,59.5415,103.4232,65.4856,62.9525,3.9712,3.7103,3.8099,0.0,0.4633,-4.0,4.0,1
454,14.528,69.9853,65.1829,104.6133,70.0735,69.9853,3.5722,3.7014,3.6997,0.0,0.4633,-4.0,4.0,1
455,14.56,67.6421,66.1775,106.9226,57.4116,67.6421,3.6959,3.7259,3.698,0.0,0.4633,-4.0,4.0,1
456,14.592,67.2374,69.1303,104.9288,69.0083,69.1303,3.6164,3.715,3.6602,0.0,0.4633,-4.0,4.0,1
457,14.624,67.7674,67.7249,105.6729,63.0892,67.7674,3.6891,3.709,3.6736,0.0,0.4633,-4.0,4.0,1
458,14.656,70.2877,65.7001,106.977,67.5684,70.2877,3.5568,3.6261,3.6195,0.0,0.4633,-4.0,4.0,1
459,14.688,63.5029,66.4564,106.5691,71.7505,66.4564,3.7619,3.664,3.6854,0.0,0.4633,-4.0,4.0,1
460,14.72,66.6085,70.8412,102.7574,68.5003,70.8412,3.529,3.6306,3.613,0.0,0.4633,-4.0,4.0,1
461,14.752,68.7471,70.1118,104.9328,68.3559,70.1118,3.5657,3.6205,3.5911,0.0,0.4633,-4.0,4.0,1
462,14.784,66.3826,65.5374,103.5214,70.2487,66.3826,3.766,3.6359,3.6721,0.0,0.4633,-4.0,4.0,1
463,14.816,74.4101,56.6698,100.5727,62.7617,74.4101,3.3598,3.5965,3.5274,0.0,0.4633,-4.0,4.0,1
464,14.848,64.0769,64.6805,95.9296,63.2305,64.6805,3.8652,3.6171,3.6839,0.0,0.4633,-4.0,4.0,1
465,14.88,69.5272,62.2238,96.1047,70.2099,69.5272,3.5957,3.6305,3.643,0.0,0.4633,-4.0,4.0,1
466,14.912,67.0507,70.417,89.0285,62.0889,70.417,3.5503,3.6274,0.5,0.0,0.4633,1.2,4.0,0
467,14.944,68.7712,66.9756,81.7713,67.0202,68.7712,3.6352,3.6012,1.9517,0.001738,0.4633,1.2,4.0,0
468,14.976,68.8351,63.1317,70.567,68.5007,68.8351,3.6319,3.6557,2.7293,0.001674,0.4633,4.0,4.0,0
469,15.008,68.3499,63.3566,70.4713,71.929,68.3499,3.6577,3.6142,3.158,0.002639,0.4633,4.0,4.0,0
470,15.04,67.1808,66.8189,69.4398,64.4141,67.1808,3.7213,3.6393,3.4176,0.002639,0.4633,4.0,4.0,0
471,15.072,62.2384,65.1105,67.0686,69.6284,65.1105,3.8396,3.6971,3.6117,0.002575,0.4633,4.0,4.0,0
472,15.104,62.157,68.862,69.1789,68.5112,68.862,3.6304,3.6962,3.619,0.002639,0.4633,4.0,4.0,0
473,15.136,65.0954,63.1631,69.2368,69.5898,65.0954,3.8405,3.7379,3.7202,0.002639,0.4633,4.0,4.0,0
474,15.168,71.9019,65.2744,62.9742,73.4405,71.9019,3.477,3.7018,3.6061,0.002575,0.4633,4.0,4.0,0
475,15.2,66.6674,68.5896,67.719,69.2754,68.5896,3.6449,3.6865,3.6227,0.002639,0.4633,4.0,4.0,0
476,15.232,72.1495,65.1613,67.2529,68.0901,72.1495,3.465,3.6116,3.5482,0.002639,0.4633,4.0,4.0,0
477,15.264,62.3574,68.0737,69.4014,71.135,68.0737,3.6725,3.62,3.6044,0.002575,0.4633,4.0,4.0,0
478,15.296,70.2619,78.6738,68.1746,64.5686,78.6738,3.1777,3.4874,3.4053,0.002639,0.4633,4.0,4.0,0
479,15.328,64.5109,92.0413,73.0128,70.3595,92.0413,2.7162,3.3352,3.0846,0.002639,0.4633,4.0,4.0,0
480,15.36,71.5633,107.8417,64.3746,62.7423,107.8417,2.3182,3.0699,2.7281,0.002575,0.4633,-4.0,4.0,1
481,15.392,67.1254,109.3991,64.8437,67.8441,109.3991,2.2852,2.834,2.5229,0.0,0.4633,-4.0,4.0,1
482,15.424,62.2005,102.2002,64.3942,65.7863,102.2002,2.4462,2.5887,2.4874,0.0,0.4633,-4.0,4.0,1
483,15.456,71.8874,67.5951,66.2057,70.2403,71.8874,3.4777,2.6487,2.9462,0.0,0.4633,-4.0,4.0,1
484,15.488,65.9114,62.8887,65.7005,64.6959,65.9114,3.793,2.864,3.3385,0.0,0.4633,-4.0,4.0,1
485,15.52,72.1482,66.4856,60.1669,65.1621,72.1482,3.4651,3.0934,3.3972,0.0,0.4633,-4.0,4.0,1
486,15.552,70.505,69.9441,64.0206,68.2247,70.505,3.5458,3.3456,3.4661,0.0,0.4633,-4.0,4.0,1
487,15.584,65.6472,69.2215,69.7756,67.7546,69.2215,3.6116,3.5786,3.5335,0.0,0.4633,-4.0,4.0,1
488,15.616,68.7528,71.5994,65.1717,69.4812,71.5994,3.4917,3.5814,3.5141,0.0,0.4633,-4.0,4.0,1
489,15.648,71.2269,71.9494,65.243,64.7352,71.9494,3.4747,3.5178,3.4958,0.0,0.4633,-4.0,4.0,1
490,15.68,69.5076,69.5194,59.8691,63.3081,69.5194,3.5961,3.544,3.5423,0.0,0.4633,-4.0,4.0,1
491,15.712,69.1349,66.2823,69.7706,67.5812,69.1349,3.6161,3.558,3.5765,0.0,0.4633,-4.0,4.0,1
492,15.744,66.1835,66.4181,67.1598,65.4135,66.4181,3.764,3.5885,3.6634,0.0,0.4633,-4.0,4.0,1
493,15.776,69.3321,70.0401,58.7731,66.2844,70.0401,3.5694,3.6041,3.6198,0.0,0.4633,-4.0,4.0,1
494,15.808,66.8351,72.9677,71.1934,68.1212,72.9677,3.4262,3.5944,3.5301,0.0,0.4633,-4.0,4.0,1
495,15.84,68.5639,64.572,68.0454,66.4323,68.5639,3.6462,3.6044,3.5839,0.0,0.4633,-4.0,4.0,1
496,15.872,66.6453,71.6313,80.7787,65.2803,71.6313,3.4901,3.5792,3.5404,0.0,0.4633,-4.0,4.0,1
497,15.904,65.2952,66.1436,93.7531,62.4239,66.1436,3.7797,3.5823,3.6513,0.0,0.4633,-4.0,4.0,1
498,15.936,69.8222,64.1929,91.8663,71.1949,69.8222,3.5805,3.5845,3.6185,0.0,0.4633,-4.0,4.0,1
499,15.968,66.9909,64.7155,96.5713,64.482,66.9909,3.7318,3.6457,3.671,0.0,0.4633,-4.0,4.0,1
500,16.0,62.0169,66.9476,91.1212,65.3495,66.9476,3.7343,3.6633,3.7003,0.0,0.4633,-4.0,4.0,1
